{
    "Logistic Regression": 0.845679012345679, 
    "Decision Tree": 0.8024691358024691, 
    "Adaboost Classifier": 0.8765432098765432, 
    "Gradient Boosting Classifier": 0.808641975308642, 
    "Random Forest Classifier": 0.8888888888888888, 
    "Support Vector Machine": 0.9074074074074074, 
    "K Nearest Neighbour": 0.8518518518518519, 
    "Naive Bayes": 0.8333333333333334, 
    "Catboost Classifier": 0.9259259259259259, 
    "XGBoost Classifier": 0.8827160493827161
}